Category,Sector,Company Name (English),Company Name (Arabic),Primary Location,Est. Scale,Specific Pain Point
"Category 8 — Construction, EPC & Developers",State GC,The Arab Contractors (Osman Ahmed Osman),المقاولون العرب (عثمان أحمد عثمان),"Nationwide, incl. Suez & Alexandria industrial projects",Large,Egypt's largest contractor subcontracts steel fabrication and specialist MEP on industrial jobs and buys materials at scale — approved-subcontractor registration feeds continuous package flow.
"Category 8 — Construction, EPC & Developers",Petroleum EPC,ENPPI,إنبي,Cairo HQ; projects across Suez/Alexandria refineries,Large,"EPC house for EGPC projects — maintains formal subcontractor/vendor lists for fabrication, piping and civil packages on exactly the refineries in Categories 1–2."
"Category 8 — Construction, EPC & Developers",Contractor,Samcrete Engineers & Contractors,سامكريت,Giza / 6th of October,Large,Industrial and infrastructure portfolio; subcontracts steel and MEP packages and procures building materials on tight programs.
"Category 8 — Construction, EPC & Developers",International GC,China State Construction Egypt (CSCEC),الصينية الحكومية للإنشاءات (مصر),New Administrative Capital / CBD towers\*,Large,"Massive materials procurement (steel, cable, valves) and local-subcontractor demand for MEP/steel packages — registration with the procurement office covers multiple towers."
"Category 8 — Construction, EPC & Developers",Contractor,Gama Construction,جاما للإنشاءات,Cairo; industrial & power projects,Large,Power and industrial projects with heavy mechanical scopes — uses pre-qualified fabrication and piping subcontractors.
"Category 8 — Construction, EPC & Developers",Contractor,Concord for Engineering & Contracting,كونكورد للهندسة والمقاولات,Cairo; commercial & industrial builds,Large,Large building portfolio with recurring steel-structure and MEP subcontracting plus bulk materials buying.
"Category 8 — Construction, EPC & Developers",State Contractor,Mokhtar Ibrahim Contracting,شركة مختار إبراهيم للمقاولات,Cairo; state industrial/utility projects,Large,Public-sector industrial and utilities projects — partners with specialist mechanical subcontractors under public procurement rules.
"Category 8 — Construction, EPC & Developers",Developer,Al Ahly Sabbour Developments,الأهلي صبور للتنمية العقارية,New Cairo / multiple communities\*,Large,"Continuous community construction and infrastructure — steel, MEP and civil subcontract packages plus long-tail maintenance works."
"Category 8 — Construction, EPC & Developers",Developer,Emaar Misr,إعمار مصر,"Marassi, Uptown Cairo, Mivida\*",Large,"Premium build quality with formal contractor pre-qualification; ongoing construction plus community-maintenance packages (waterproofing, MEP retrofits, steel canopies)."
"Category 8 — Construction, EPC & Developers",Developer,Hyde Park Developments,هايد بارك للتطوير العقاري,New Cairo & North Coast\*,Large,"Active construction pipeline; registers subcontractors for enabling, structural and MEP packages."
"Category 8 — Construction, EPC & Developers",Developer,Wadi Degla Developments,وادي دجلة للتطوير العقاري,New Cairo / Ain Sokhna (Blumar El Sokhna),Medium,Sokhna coastal projects need marine-environment civil/steel maintenance — plus club/community facilities with recurring MEP works.
"Category 8 — Construction, EPC & Developers",Developer,Misr Italia Properties,مصر إيطاليا العقارية,"New Capital (IL Bosco), Ain Sokhna (Kai Sokhna)\*",Large,Delivery-phase projects requiring finishing-stage MEP and steel subcontractors; Sokhna resort project fits UBC's geographic base.
"Category 8 — Construction, EPC & Developers",Developer,Ora Developers Egypt,أورا للتطوير العقاري (مصر),ZED Sheikh Zayed / ZED East\*,Large,High-spec construction with international-standard subcontractor pre-qualification; large MEP and structural steel packages.
"Category 8 — Construction, EPC & Developers",Industrial Parks,Polaris Parks (Industrial Development Group),بولاريس باركس,6th of October & 10th of Ramadan industrial parks,Medium,"Builds and operates industrial parks in both priority zones — factory shells, utility networks and tenant fit-out works are recurring; one registration reaches dozens of tenant factories too."
"Category 8 — Construction, EPC & Developers",State Developer,Heliopolis Company for Housing & Development,مصر الجديدة للإسكان والتعمير,Heliopolis / New Heliopolis\*,Large,"State land developer tendering infrastructure and building packages through public procurement — registration-driven, steady tender flow."
Category 9 — Hotels & Resorts,Hotel Group,Jaz Hotels Group (Travco),مجموعة جاز للفنادق (ترافكو),"Nationwide incl. Jaz Little Venice, Ain Sokhna",Large,"50+ properties on rolling renovation cycles — central technical office pre-qualifies contractors for waterproofing, MEP retrofits and structural repairs."
Category 9 — Hotels & Resorts,Hotel Group,Pickalbatros Hotels & Resorts,بيك ألباتروس للفنادق والمنتجعات,Hurghada / Red Sea\*,Large,Egypt's largest resort operator by rooms; continuous refurbishment and expansion with an in-house projects department that contracts execution packages.
Category 9 — Hotels & Resorts,Hotel Group,Sunrise Resorts & Cruises,صن رايز ريزورتس آند كروزس,Red Sea & North Coast\*,Large,Multi-property renovation programs plus Nile/marine assets needing steel and mechanical works.
Category 9 — Hotels & Resorts,Destination Developer,Orascom Development Egypt,أوراسكوم للتنمية – مصر,"El Gouna, Taba Heights, O West\*",Large,"Operates whole destinations (hotels + town infrastructure) — recurring civil, utility-network and marine maintenance procured through a central development office."
Category 9 — Hotels & Resorts,Hotel Group,Stella Di Mare Hotels & Resorts,ستيلا دي ماري للفنادق والمنتجعات,Ain Sokhna (2 resorts + marina),Large,"Flagship Sokhna resorts with marine structures, pools and aging MEP plants — right in UBC's home zone for rapid-response works."
Category 9 — Hotels & Resorts,Resort Developer,Telal Sokhna (Rooya Group),تلال السخنة (مجموعة رؤية),Ain Sokhna,Medium,"Large chalet community under phased delivery — waterproofing, steel pergolas, utility networks and seasonal pre-summer maintenance campaigns."
Category 9 — Hotels & Resorts,Resort,Cancun Sokhna Resort,منتجع كانكون السخنة,Ain Sokhna,Medium,Established Sokhna resort with continuous unit-renovation and pool/waterfront civil maintenance.
Category 9 — Hotels & Resorts,Operator,Accor Egypt (Mövenpick El Sokhna & portfolio),أكور مصر (موفنبيك العين السخنة),"Ain Sokhna, Alexandria, Cairo",Large,Regional engineering office coordinates capex/renovation across owned/managed hotels — one approved-vendor registration covers multiple properties incl. Sokhna.
Category 9 — Hotels & Resorts,Operator,Hilton Egypt (Alexandria hotels),هيلتون مصر (فنادق الإسكندرية),Alexandria Corniche & Green Plaza + national portfolio,Large,Brand-standard renovations under strict contractor HSE pre-qualification; Alexandria cluster fits UBC's geography.
Category 9 — Hotels & Resorts,Operator,Steigenberger Hotels Egypt,شتايجنبرجر مصر (سيسيل الإسكندرية),"Alexandria (Cecil), Cairo, El Gouna",Medium,Historic properties (Cecil Alexandria) need sensitive structural restoration plus modern MEP retrofits.
Category 9 — Hotels & Resorts,Hotel Group,Helnan International (Palestine Hotel),هلنان الدولية (فندق فلسطين),Alexandria (Montazah) + portfolio,Medium,"Aging landmark hotels under rehabilitation — civil restoration, kitchens/laundry steam systems, chiller plants."
Category 9 — Hotels & Resorts,Hotel Group,Tolip Hotels & Resorts,توليب للفنادق والمنتجعات,Alexandria + nationwide,Large,Fast-growing state-affiliated chain with continuous fit-out and renovation packages procured through central administration.
Category 9 — Hotels & Resorts,Hotel Group,Paradise Inn Group,مجموعة بارادايس إن,"Alexandria (Metropole, Windsor Palace, beach resorts)",Medium,Heritage Alexandria hotels requiring specialized structural repair and phased renovation in occupied buildings.
Category 9 — Hotels & Resorts,Hotel (Owner),Four Seasons Alexandria at San Stefano,فورسيزونز الإسكندرية سان ستيفانو,Alexandria,Large,"Premium property with continuous preventive/corrective works under strict brand standards. *Note: owner is TMG (already contacted at group level) — approach the hotel's own engineering department, a separate buyer.*"
Category 9 — Hotels & Resorts,Hotel Group,Baron Hotels & Resorts,بارون للفنادق والمنتجعات,Cairo (Heliopolis) & Red Sea\*,Medium,Egyptian-owned chain with rolling refurbishments and central procurement — accessible decision-making vs. global brands.
Category 10 — Facility Management & Property Operators,FM Provider,EFS Facilities Services Egypt,إي إف إس لخدمات المرافق – مصر,Cairo + national contracts,Large,Regional FM major delivering integrated contracts for banks/industrial/commercial clients — subcontracts specialist civil and mechanical works to pre-qualified panel vendors.
Category 10 — Facility Management & Property Operators,FM Provider,Contrack Facility Management,كونتراك لإدارة المرافق,Cairo Festival City & major mixed-use sites,Large,"Manages flagship mixed-use assets; standing demand for hard-services subcontractors (HVAC piping, structural repairs, waterproofing)."
Category 10 — Facility Management & Property Operators,FM Provider,Care Service Egypt,كير سيرفس مصر,Cairo + nationwide contracts,Medium,Long-established Egyptian FM/support-services firm — partners with technical subcontractors for MEP and civil scopes it doesn't self-perform.
Category 10 — Facility Management & Property Operators,Mall Operator,Majid Al Futtaim Egypt,ماجد الفطيم – مصر,"City Centre Alexandria, Maadi, Almaza",Large,"Mall portfolio incl. City Centre Alexandria — formal vendor registration; recurring common-area renovations, roofing, chiller-plant and car-park civil works."
Category 10 — Facility Management & Property Operators,Property Operator,Al-Futtaim Group Egypt (Cairo Festival City),مجموعة الفطيم – مصر (كايرو فستيفال سيتي),Cairo Festival City\*,Large,Owner of a giant mixed-use estate with continuous asset-upkeep capex — approved-contractor list governs all works.
Category 10 — Facility Management & Property Operators,Mall Developer/Operator,Marakez,مراكز,"Mall of Arabia (6th of October), District Five",Large,"Mall of Arabia sits in a priority zone; ongoing expansions, tenant coordination works and infrastructure maintenance."
Category 10 — Facility Management & Property Operators,Community Developer/Operator,Madinet Masr,مدينة مصر للإسكان والتعمير,"Taj City, Sarai (East Cairo)\*",Large,"Huge delivered-community base with long-term maintenance obligations — panels for civil, MEP and infrastructure subcontractors."
Category 10 — Facility Management & Property Operators,Mall Operator,Golden Pyramids Plaza (Citystars),الأهرامات الذهبية (سيتي ستارز),Citystars Heliopolis\*,Large,"One of Egypt's largest mixed-use complexes (mall + hotels) — continuous renovation, waterproofing and plant-room works under one owner."
Category 10 — Facility Management & Property Operators,Community Developer/Operator,The Waterway Developments,ذا ووترواي,New Cairo communities\*,Medium,Operates delivered high-end communities — recurring hard-FM subcontracting for civil and mechanical scopes.
Category 10 — Facility Management & Property Operators,Property Services,Savills Egypt,سافيلز مصر,Cairo (manages multiple commercial/community assets),Medium,International property manager running owner budgets across several assets — vendor-panel registration opens multiple buildings at once.
